
INSERT INTO CLIENTES(CLIENTEID, NOMBRE, APELLIDO, TELEFONO,)
VALUES('1','MANUEL','RUIZ','678897531');

INSERT INTO CLIENTES(CLIENTEID, NOMBRE, APELLIDO, TELEFONO,)
VALUES('2','SARA','SANCHEZ','67889752');

INSERT INTO CLIENTES(CLIENTEID, NOMBRE, APELLIDO, TELEFONO,)
VALUES('3','MARIA','PEREZ','678897533');

INSERT INTO CLIENTES(CLIENTEID, NOMBRE, APELLIDO, TELEFONO,)
VALUES('4','DANIEL','RODRIGUEZ','678897534');

INSERT INTO CLIENTES(CLIENTEID, NOMBRE, APELLIDO, TELEFONO,)
VALUES('5','OSCAR','VALERO','678897535');


INSERT INTO EMPLEADOS(EMPLEADOID, NOMBRE, TELEFONO, FECHA_CONTRATRO)
VALUES('1','RAUL GONZALEZ','678897536',TO_DATE('01-11-2022','DD-MM-YYYY'));

INSERT INTO EMPLEADOS(EMPLEADOID, NOMBRE, TELEFONO, FECHA_CONTRATRO)
VALUES('2','LAURA RAMIREZ','678897537',TO_DATE('15-05-2022','DD-MM-YYYY'));

INSERT INTO EMPLEADOS(EMPLEADOID, NOMBRE, TELEFONO, FECHA_CONTRATRO)
VALUES('3','SONIA GARCIA','678897538',TO_DATE('08-04-2022','DD-MM-YYYY'));

INSERT INTO EMPLEADOS(EMPLEADOID, NOMBRE, TELEFONO, FECHA_CONTRATRO)
VALUES('4','CRISTINA PEREZ','678897539',TO_DATE('07-02-2022','DD-MM-YYYY'));

INSERT INTO EMPLEADOS(EMPLEADOID, NOMBRE, TELEFONO, FECHA_CONTRATRO)
VALUES('5','CRISTIAN RUBIO','678897510',TO_DATE('20-08-2022','DD-MM-YYYY'));


INSERT INTO PEDIDOS(PEDIDOID, NUMERO_MESA, TOTAL, FECHA_PEDIDO, CLIENTEID, EMPLEADOID)
VALUES('1','10',4,TO_DATE('15-05-2023','DD-MM-YYYY'), '1', '3');

INSERT INTO PEDIDOS(PEDIDOID, NUMERO_MESA, TOTAL, FECHA_PEDIDO, CLIENTEID, EMPLEADOID)
VALUES('2','3',11,TO_DATE('15-05-2023','DD-MM-YYYY'), '3', '2');

INSERT INTO PEDIDOS(PEDIDOID, NUMERO_MESA, TOTAL, FECHA_PEDIDO, CLIENTEID, EMPLEADOID)
VALUES('3','1',8,TO_DATE('15-05-2023','DD-MM-YYYY'), '2', '2');

INSERT INTO PEDIDOS(PEDIDOID, NUMERO_MESA, TOTAL, FECHA_PEDIDO, CLIENTEID, EMPLEADOID)
VALUES('4','7',3,TO_DATE('15-05-2023','DD-MM-YYYY'), '4', '1');

INSERT INTO PEDIDOS(PEDIDOID, NUMERO_MESA, TOTAL, FECHA_PEDIDO, CLIENTEID, EMPLEADOID)
VALUES('5','5',4,TO_DATE('15-05-2023','DD-MM-YYYY'), '5', '3');


INSERT INTO PRODUCTOS (PRODUCTOID, NOMBRE, DESCRIPCION, PRECIO)
VALUES (1, 'CAFE', 'CAFE DE BRASIL', 1.5);

INSERT INTO PRODUCTOS (PRODUCTOID, NOMBRE, DESCRIPCION, PRECIO)
VALUES (2, 'CAFE CON LECHE', 'CAFE ARABICO CON LECHE', 2);

INSERT INTO PRODUCTOS (PRODUCTOID, NOMBRE, DESCRIPCION, PRECIO)
VALUES (3, 'CHOCOLATE CON CHURROS', 'CHOCOLATE CON 3 CHURROS', 3.5);

INSERT INTO PRODUCTOS (PRODUCTOID, NOMBRE, DESCRIPCION, PRECIO)
VALUES (4, 'TE VERDE', 'TE VERDE POMPADOUR', 1.5);

INSERT INTO PRODUCTOS (PRODUCTOID, NOMBRE, DESCRIPCION, PRECIO)
VALUES (5, 'TARTA DE CHOCOLATE', 'TARTA DE CHOCOLATE CASERA', 4);

INSERT INTO PRODUCTOS (PRODUCTOID, NOMBRE, DESCRIPCION, PRECIO)
VALUES (6, 'TARTA DE QUESO', 'TARTA DE QUESO CON FRUTOS ROJOS', 4);

INSERT INTO PRODUCTOS (PRODUCTOID, NOMBRE, DESCRIPCION, PRECIO)
VALUES (7, 'FRAPELATE', 'FRAPELATE', 5);



INSERT INTO DETALLES_PEDIDO (DETALLE_PEDIDO_ID, PRECIO_UNIDAD,CANTIDAD, TOTAL, PEDIDOID, PRODUCTOID)
VALUES ('1', 2, 2, 4, '1','2');

INSERT INTO DETALLES_PEDIDO (DETALLE_PEDIDO_ID, PRECIO_UNIDAD,CANTIDAD, TOTAL, PEDIDOID, PRODUCTOID)
VALUES ('2', 3.5, 2, 7, '2','3');

INSERT INTO DETALLES_PEDIDO (DETALLE_PEDIDO_ID, PRECIO_UNIDAD,CANTIDAD, TOTAL, PEDIDOID, PRODUCTOID)
VALUES ('3', 4, 1, 4, '2','5');

INSERT INTO DETALLES_PEDIDO (DETALLE_PEDIDO_ID, PRECIO_UNIDAD,CANTIDAD, TOTAL, PEDIDOID, PRODUCTOID)
VALUES ('4', 5, 1, 5, '3','7');

INSERT INTO DETALLES_PEDIDO (DETALLE_PEDIDO_ID, PRECIO_UNIDAD,CANTIDAD, TOTAL, PEDIDOID, PRODUCTOID)
VALUES ('5', 1.5, 2, 3, '3','4');

INSERT INTO DETALLES_PEDIDO (DETALLE_PEDIDO_ID, PRECIO_UNIDAD,CANTIDAD, TOTAL, PEDIDOID, PRODUCTOID)
VALUES ('6', 1.5, 2, 3, '4','1');

INSERT INTO DETALLES_PEDIDO (DETALLE_PEDIDO_ID, PRECIO_UNIDAD,CANTIDAD, TOTAL, PEDIDOID, PRODUCTOID)
VALUES ('7', 4, 1, 4, '5','6');






